{"Train/EpochLoss": 0.7235656380653381, "epoch": 1, "_timestamp": 1726498549.1569736, "_runtime": 18.76390767097473, "_step": 1, "max_train_acc": 0, "max_test_acc": 0, "_wandb": {"runtime": 17}}