{"Train/EpochLoss": 0.7305434942245483, "epoch": 1, "_timestamp": 1726498552.1624572, "_runtime": 22.17863416671753, "_step": 1, "max_train_acc": 0, "max_test_acc": 0, "_wandb": {"runtime": 17}}