{"Train/lrs": 6.25e-05, "Train/EpochLoss": 4789.13623046875, "_timestamp": 1726500254.900537, "Val/EpochLoss": 4408.99267578125, "Val/EpochAcc@1": 32.929290771484375, "Val/EpochAcc@5": 73.13130950927734, "Val/Traj_Success_Rate": 0.4634581208229065, "Val/MIoU1": 34.676788330078125, "Val/MIoU2": 34.48323440551758, "Val/acc_a0": 36.11408233642578, "Val/acc_aT": 35.08021545410156, "_runtime": 545.2651951313019, "_step": 2, "Final/EpochAcc@1": 32.953060150146484, "Final/Traj_Success_Rate": 0.4634581208229065, "Final/MIoU1": 34.078243255615234, "Final/MIoU2": 34.512508392333984, "Final/acc_a0": 36.14973449707031, "Final/acc_aT": 35.11586380004883, "_wandb": {"runtime": 543}}