{"Train/EpochLoss": 2.7218620777130127, "epoch": 1, "_timestamp": 1726498166.2669442, "_runtime": 14.828433275222778, "_step": 0, "_wandb": {"runtime": 13}}