{"Train/EpochLoss": 0.7586890459060669, "epoch": 1, "_timestamp": 1726498240.857161, "_runtime": 15.186025142669678, "_step": 1, "max_train_acc": 0, "max_test_acc": 0, "_wandb": {"runtime": 13}}